[
    {
        "set_num": "001-1",
        "name": "Gears",
        "year": "1965",
        "theme_id": "1",
        "num_parts": "43",
        "img_url": "https://cdn.rebrickable.com/media/sets/001-1.jpg"
    },
    {
        "set_num": "0011-2",
        "name": "Town Mini-Figures",
        "year": "1979",
        "theme_id": "67",
        "num_parts": "12",
        "img_url": "https://cdn.rebrickable.com/media/sets/0011-2.jpg"
    },
    {
        "set_num": "0011-3",
        "name": "Castle 2 for 1 Bonus Offer",
        "year": "1987",
        "theme_id": "199",
        "num_parts": "0",
        "img_url": "https://cdn.rebrickable.com/media/sets/0011-3.jpg"
    },
    {
        "set_num": "0012-1",
        "name": "Space Mini-Figures",
        "year": "1979",
        "theme_id": "143",
        "num_parts": "12",
        "img_url": "https://cdn.rebrickable.com/media/sets/0012-1.jpg"
    },
    {
        "set_num": "0013-1",
        "name": "Space Mini-Figures",
        "year": "1979",
        "theme_id": "143",
        "num_parts": "12",
        "img_url": "https://cdn.rebrickable.com/media/sets/0013-1.jpg"
    },
    {
        "set_num": "0014-1",
        "name": "Space Mini-Figures",
        "year": "1979",
        "theme_id": "143",
        "num_parts": "2",
        "img_url": "https://cdn.rebrickable.com/media/sets/0014-1.jpg"
    },
    {
        "set_num": "0015-1",
        "name": "Space Mini-Figures",
        "year": "1979",
        "theme_id": "143",
        "num_parts": "18",
        "img_url": "https://cdn.rebrickable.com/media/sets/0015-1.jpg"
    },
    {
        "set_num": "0016-1",
        "name": "Castle Mini Figures",
        "year": "1979",
        "theme_id": "189",
        "num_parts": "15",
        "img_url": "https://cdn.rebrickable.com/media/sets/0016-1.jpg"
    },
    {
        "set_num": "002-1",
        "name": "4.5V Samsonite Gears Motor Set",
        "year": "1965",
        "theme_id": "1",
        "num_parts": "3",
        "img_url": "https://cdn.rebrickable.com/media/sets/002-1.jpg"
    },
    {
        "set_num": "002253963-1",
        "name": "Legend of Chima: Corbeaux et Gorilles",
        "year": "2013",
        "theme_id": "497",
        "num_parts": "4",
        "img_url": "https://cdn.rebrickable.com/media/sets/002253963-1.jpg"
    },
    {
        "set_num": "003-1",
        "name": "Master Mechanic Set",
        "year": "1966",
        "theme_id": "366",
        "num_parts": "403",
        "img_url": "https://cdn.rebrickable.com/media/sets/003-1.jpg"
    },
    {
        "set_num": "005-1",
        "name": "Basic Building Set in Cardboard",
        "year": "1965",
        "theme_id": "366",
        "num_parts": "35",
        "img_url": "https://cdn.rebrickable.com/media/sets/005-1.jpg"
    },
    {
        "set_num": "005-2",
        "name": "Discovery Set",
        "year": "1967",
        "theme_id": "366",
        "num_parts": "0",
        "img_url": "https://cdn.rebrickable.com/media/sets/005-2.jpg"
    },
    {
        "set_num": "00-6",
        "name": "Special Offer",
        "year": "1985",
        "theme_id": "67",
        "num_parts": "0",
        "img_url": "https://cdn.rebrickable.com/media/sets/00-6.jpg"
    },
    {
        "set_num": "010-1",
        "name": "Basic Building Set in Cardboard",
        "year": "1965",
        "theme_id": "366",
        "num_parts": "57",
        "img_url": "https://cdn.rebrickable.com/media/sets/010-1.jpg"
    },
    {
        "set_num": "010-2",
        "name": "Pre-School Set",
        "year": "1973",
        "theme_id": "505",
        "num_parts": "18",
        "img_url": "https://cdn.rebrickable.com/media/sets/010-2.jpg"
    },
    {
        "set_num": "010-3",
        "name": "Basic Building Set",
        "year": "1968",
        "theme_id": "366",
        "num_parts": "77",
        "img_url": "https://cdn.rebrickable.com/media/sets/010-3.jpg"
    },
    {
        "set_num": "044-1",
        "name": "Basic Building Set",
        "year": "1968",
        "theme_id": "366",
        "num_parts": "225",
        "img_url": "https://cdn.rebrickable.com/media/sets/044-1.jpg"
    },
    {
        "set_num": "044-2",
        "name": "Jumbo Bricks",
        "year": "1969",
        "theme_id": "369",
        "num_parts": "30",
        "img_url": "https://cdn.rebrickable.com/media/sets/044-2.jpg"
    },
    {
        "set_num": "045-1",
        "name": "Farm",
        "year": "1979",
        "theme_id": "632",
        "num_parts": "66",
        "img_url": "https://cdn.rebrickable.com/media/sets/045-1.jpg"
    },
    {
        "set_num": "045-2",
        "name": "Assorted Clear Bricks & Plates",
        "year": "1969",
        "theme_id": "371",
        "num_parts": "37",
        "img_url": "https://cdn.rebrickable.com/media/sets/045-2.jpg"
    },
    {
        "set_num": "050-2",
        "name": "Lighting Device Pack",
        "year": "1969",
        "theme_id": "371",
        "num_parts": "4",
        "img_url": "https://cdn.rebrickable.com/media/sets/050-2.jpg"
    },
    {
        "set_num": "05-1",
        "name": "Hinges",
        "year": "1980",
        "theme_id": "443",
        "num_parts": "3",
        "img_url": "https://cdn.rebrickable.com/media/sets/05-1.jpg"
    },
    {
        "set_num": "051-1",
        "name": "Assorted Basic Bricks - Red",
        "year": "1966",
        "theme_id": "371",
        "num_parts": "50",
        "img_url": "https://cdn.rebrickable.com/media/sets/051-1.jpg"
    },
    {
        "set_num": "052-1",
        "name": "Assorted Basic Bricks - White",
        "year": "1966",
        "theme_id": "371",
        "num_parts": "50",
        "img_url": "https://cdn.rebrickable.com/media/sets/052-1.jpg"
    },
    {
        "set_num": "053-1",
        "name": "Assorted Basic Bricks - Blue",
        "year": "1966",
        "theme_id": "371",
        "num_parts": "50",
        "img_url": "https://cdn.rebrickable.com/media/sets/053-1.jpg"
    },
    {
        "set_num": "054-1",
        "name": "Assorted Basic Bricks - Yellow",
        "year": "1966",
        "theme_id": "371",
        "num_parts": "50",
        "img_url": "https://cdn.rebrickable.com/media/sets/054-1.jpg"
    },
    {
        "set_num": "055-1",
        "name": "Trees & Bushes",
        "year": "1966",
        "theme_id": "371",
        "num_parts": "25",
        "img_url": "https://cdn.rebrickable.com/media/sets/055-1.jpg"
    },
    {
        "set_num": "055-2",
        "name": "Basic Building Set",
        "year": "1968",
        "theme_id": "366",
        "num_parts": "256",
        "img_url": "https://cdn.rebrickable.com/media/sets/055-2.jpg"
    },
    {
        "set_num": "057-1",
        "name": "Large Wheels",
        "year": "1966",
        "theme_id": "371",
        "num_parts": "17",
        "img_url": "https://cdn.rebrickable.com/media/sets/057-1.jpg"
    },
    {
        "set_num": "058-1",
        "name": "Small Wheels",
        "year": "1966",
        "theme_id": "371",
        "num_parts": "26",
        "img_url": "https://cdn.rebrickable.com/media/sets/058-1.jpg"
    },
    {
        "set_num": "060-1",
        "name": "Assorted White Plates",
        "year": "1966",
        "theme_id": "371",
        "num_parts": "15",
        "img_url": "https://cdn.rebrickable.com/media/sets/060-1.jpg"
    },
    {
        "set_num": "060-3",
        "name": "Jumbo Brick School Set",
        "year": "1968",
        "theme_id": "369",
        "num_parts": "60",
        "img_url": "https://cdn.rebrickable.com/media/sets/060-3.jpg"
    },
    {
        "set_num": "06-1",
        "name": "Motor Wires",
        "year": "1980",
        "theme_id": "453",
        "num_parts": "6",
        "img_url": "https://cdn.rebrickable.com/media/sets/06-1.jpg"
    },
    {
        "set_num": "061-1",
        "name": "Five Large Base Plates - Green",
        "year": "1966",
        "theme_id": "371",
        "num_parts": "5",
        "img_url": "https://cdn.rebrickable.com/media/sets/061-1.jpg"
    },
    {
        "set_num": "1000368666-1",
        "name": "Batman the Videogame - PSP",
        "year": "2008",
        "theme_id": "742",
        "num_parts": "0",
        "img_url": "https://cdn.rebrickable.com/media/sets/1000368666-1.jpg"
    },
    {
        "set_num": "10004-1",
        "name": "2 x 2 Sand Red Bricks",
        "year": "2001",
        "theme_id": "254",
        "num_parts": "100",
        "img_url": "https://cdn.rebrickable.com/media/sets/10004-1.jpg"
    },
    {
        "set_num": "1000430096-8",
        "name": "Marvel Super Heroes - PS4",
        "year": "2013",
        "theme_id": "742",
        "num_parts": "0",
        "img_url": "https://cdn.rebrickable.com/media/sets/1000430096-8.jpg"
    },
    {
        "set_num": "10005-1",
        "name": "2 x 4 Sand Red Bricks",
        "year": "2001",
        "theme_id": "254",
        "num_parts": "50",
        "img_url": "https://cdn.rebrickable.com/media/sets/10005-1.jpg"
    },
    {
        "set_num": "1000565140-1",
        "name": "Jurassic World - Xbox One",
        "year": "2015",
        "theme_id": "742",
        "num_parts": "0",
        "img_url": "https://cdn.rebrickable.com/media/sets/1000565140-1.jpg"
    },
    
    {
        "set_num": "1000565740-1",
        "name": "Marvel Avengers - Xbox One",
        "year": "2016",
        "theme_id": "742",
        "num_parts": "0",
        "img_url": "https://cdn.rebrickable.com/media/sets/1000565740-1.jpg"
    },
    {
        "set_num": "1000565742-1",
        "name": "Marvel Avengers - PS4",
        "year": "2016",
        "theme_id": "742",
        "num_parts": "0",
        "img_url": "https://cdn.rebrickable.com/media/sets/1000565742-1.jpg"
    },
    
    {
        "set_num": "1000565897-5",
        "name": "Marvel Super Heroes - Xbox One",
        "year": "2013",
        "theme_id": "742",
        "num_parts": "0",
        "img_url": "https://cdn.rebrickable.com/media/sets/1000565897-5.jpg"
    },
    {
        "set_num": "1000577871-1",
        "name": "Marvel Avengers - PC",
        "year": "2016",
        "theme_id": "742",
        "num_parts": "0",
        "img_url": "https://cdn.rebrickable.com/media/sets/1000577871-1.jpg"
    },
    {
        "set_num": "1000591519-1",
        "name": "Star Wars: The Force Awakens - 3DS",
        "year": "2016",
        "theme_id": "742",
        "num_parts": "0",
        "img_url": "https://cdn.rebrickable.com/media/sets/1000591519-1.jpg"
    },
    {
        "set_num": "1000591524-1",
        "name": "Star Wars: The Force Awakens - PS Vita",
        "year": "2016",
        "theme_id": "742",
        "num_parts": "0",
        "img_url": "https://cdn.rebrickable.com/media/sets/1000591524-1.jpg"
    },
    {
        "set_num": "1000598000-1",
        "name": "Star Wars: The Force Awakens Deluxe Edition - PS3",
        "year": "2016",
        "theme_id": "742",
        "num_parts": "0",
        "img_url": "https://cdn.rebrickable.com/media/sets/1000598000-1.jpg"
    },
    {
        "set_num": "1000600263-1",
        "name": "Star Wars: The Force Awakens - PS3",
        "year": "2016",
        "theme_id": "742",
        "num_parts": "0",
        "img_url": "https://cdn.rebrickable.com/media/sets/1000600263-1.jpg"
    },
    {
        "set_num": "10006-1",
        "name": "1 x 6 Sand Red Bricks",
        "year": "2001",
        "theme_id": "254",
        "num_parts": "50",
        "img_url": "https://cdn.rebrickable.com/media/sets/10006-1.jpg"
    },
    {
        "set_num": "1000629598-1",
        "name": "Harry Potter Collection - PS4",
        "year": "2016",
        "theme_id": "742",
        "num_parts": "0",
        "img_url": "https://cdn.rebrickable.com/media/sets/1000629598-1.jpg"
    },
    {
        "set_num": "1000643461-1",
        "name": "Marvel Super Heroes 2 - Xbox One",
        "year": "2017",
        "theme_id": "742",
        "num_parts": "0",
        "img_url": "https://cdn.rebrickable.com/media/sets/1000643461-1.jpg"
    },
    {
        "set_num": "1000648795-1",
        "name": "Marvel Super Heroes 2 - PS4",
        "year": "2017",
        "theme_id": "742",
        "num_parts": "0",
        "img_url": "https://cdn.rebrickable.com/media/sets/1000648795-1.jpg"
    },
    {
        "set_num": "1000692713-1",
        "name": "Marvel Super Heroes 2 - Nintendo Switch",
        "year": "2017",
        "theme_id": "742",
        "num_parts": "0",
        "img_url": "https://cdn.rebrickable.com/media/sets/1000692713-1.jpg"
    },
    {
        "set_num": "1000704831-2",
        "name": "The Incredibles - Nintendo Switch",
        "year": "2019",
        "theme_id": "742",
        "num_parts": "0",
        "img_url": "https://cdn.rebrickable.com/media/sets/1000704831-2.jpg"
    },
    {
        "set_num": "1000704832-13",
        "name": "The Incredibles - PS4",
        "year": "2019",
        "theme_id": "742",
        "num_parts": "0",
        "img_url": "https://cdn.rebrickable.com/media/sets/1000704832-13.jpg"
    },
    {
        "set_num": "1000709804-1",
        "name": "DC Super-Villains - Nintendo Switch",
        "year": "2018",
        "theme_id": "742",
        "num_parts": "0",
        "img_url": "https://cdn.rebrickable.com/media/sets/1000709804-1.jpg"
    },
    {
        "set_num": "1000709806-1",
        "name": "DC Super-Villains - PS4",
        "year": "2018",
        "theme_id": "742",
        "num_parts": "0",
        "img_url": "https://cdn.rebrickable.com/media/sets/1000709806-1.jpg"
    },
    {
        "set_num": "1000709807-1",
        "name": "The Incredibles - Xbox One",
        "year": "2019",
        "theme_id": "742",
        "num_parts": "0",
        "img_url": "https://cdn.rebrickable.com/media/sets/1000709807-1.jpg"
    }
]